{
	"id": "elevation-drag-ruler",
	"title": "DnD5e Drag Ruler Integration (Patched)",
	"description": "An enhancement of Drag Ruler for the DnD5e system.",
	"version": "1.6.4",
	"author": "Pepijn Sietsema",
	"compatibility": {
		"minimum": "10",
		"verified": "10.286"
	},
	"relationships": {
		"systems": [
			{
				"id": "dnd5e",
				"type": "system",
				"manifest": "https://raw.githubusercontent.com/foundryvtt/dnd5e/master/system.json",
				"compatibility": {
					"verified": "2.0.3"
				}
			}
		],
		"requires": [
			{
				"id": "drag-ruler",
				"type": "module",
				"manifest": "https://raw.githubusercontent.com/Traumi/foundryvtt-drag-ruler/master/module.json",
				"compatibility": {
					"verified": "1.12.13"
				}
			}
		]
	},
	"scripts": [
		"scripts/hook.js"
	],
	"url": "https://github.com/PepijnMC/ElevationDragRuler",
	"manifest": "https://raw.githubusercontent.com/PepijnMC/ElevationDragRuler/v10-patch/module.json",
	"download": "https://raw.githubusercontent.com/PepijnMC/ElevationDragRuler/v10-patch/module.zip"
}