{
	"id": "elevation-drag-ruler",
	"title": "DnD5e Drag Ruler Integration",
	"description": "An enhancement of Drag Ruler for the DnD5e system.",
	"version": "1.11.0",
	"authors": [
		{
			"name": "Pepijn Sietsema",
			"url": "https://ko-fi.com/pepijn",
			"flags": {}
		}
	],
	"compatibility": {
		"minimum": "12",
		"verified": "12"
	},
	"languages": [
		{
			"lang": "de",
			"name": "Deutsch",
			"path": "languages/de.json",
			"flags": {}
		},
		{
			"lang": "en",
			"name": "English",
			"path": "languages/en.json",
			"flags": {}
		},
		{
			"lang": "es",
			"name": "Español",
			"path": "languages/es.json",
			"flags": {}
		},
		{
			"lang": "fr",
			"name": "Française",
			"path": "languages/fr.json",
			"flags": {}
		},
		{
			"lang": "pl",
			"name": "polski",
			"path": "languages/pl.json"
		},
		{
			"lang": "tr",
			"name": "Türkçe",
			"path": "languages/tr.json"
		}
	],
	"relationships": {
		"systems": [
			{
				"id": "dnd5e",
				"type": "system",
				"manifest": "https://raw.githubusercontent.com/foundryvtt/dnd5e/master/system.json",
				"compatibility": {
					"verified": "3.3.1"
				}
			}
		],
		"requires": [
			{
				"id": "drag-ruler",
				"type": "module",
				"manifest": "https://raw.githubusercontent.com/manuelVo/foundryvtt-drag-ruler/master/module.json",
				"compatibility": {
					"verified": "1.14.2"
				}
			},
			{
				"id": "lib-wrapper",
				"type": "module",
				"manifest": "https://github.com/ruipin/fvtt-lib-wrapper/releases/latest/download/module.json",
				"compatibility": {}
			},
			{
				"id": "socketlib",
				"type": "module",
				"manifest": "https://raw.githubusercontent.com/manuelVo/foundryvtt-socketlib/master/module.json",
				"compatibility": {}
			}
		]
	},
	"esmodules": [
		"scripts/main.js",
		"scripts/socket.js",
		"scripts/speed_provider.js",
		"scripts/rule_provider.js"
	],
	"url": "https://github.com/PepijnMC/ElevationDragRuler",
	"manifest": "https://github.com/PepijnMC/ElevationDragRuler/releases/latest/download/module.json",
	"download": "https://github.com/PepijnMC/ElevationDragRuler/releases/latest/download/module.zip",
	"socket": true
}